customer_id,customer_name,email,city,signup_date
1,Vivaan Sharma,vivaan.sharma1@example.com,Ahmedabad,2023-09-08
2,Vihaan Patel,vihaan.patel2@example.com,Mumbai,2024-11-23
3,Krishna Verma,krishna.verma3@example.com,Surat,2024-03-08
4,Aarav Sharma,aarav.sharma4@example.com,Mumbai,2023-08-12
5,Vihaan Das,vihaan.das5@example.com,Surat,2023-01-28
6,Krishna Reddy,krishna.reddy6@example.com,Jaipur,2024-03-05
7,Vihaan Nair,vihaan.nair7@example.com,Surat,2023-10-12
8,Aarav Patel,aarav.patel8@example.com,Kolkata,2023-12-15
9,Arjun Patel,arjun.patel9@example.com,Hyderabad,2025-02-20
10,Reyansh Verma,reyansh.verma10@example.com,Mumbai,2024-01-25
11,Vivaan Mehta,vivaan.mehta11@example.com,Pune,2024-09-10
12,Arjun Sharma,arjun.sharma12@example.com,Chennai,2024-07-03
13,Vivaan Singh,vivaan.singh13@example.com,Mumbai,2024-07-19
14,Arjun Bhat,arjun.bhat14@example.com,Pune,2024-08-14
15,Vihaan Verma,vihaan.verma15@example.com,Bangalore,2024-11-08
16,Vihaan Gupta,vihaan.gupta16@example.com,Mumbai,2025-05-25
17,Vihaan Verma,vihaan.verma17@example.com,Kolkata,2023-10-12
18,Sai Mehta,sai.mehta18@example.com,Delhi,2024-01-15
19,Reyansh Reddy,reyansh.reddy19@example.com,Ahmedabad,2024-12-19
20,Vivaan Bhat,vivaan.bhat20@example.com,Delhi,2024-06-30
21,Vihaan Patel,vihaan.patel21@example.com,Chennai,2024-01-24
22,Arjun Das,arjun.das22@example.com,Hyderabad,2024-12-02
23,Reyansh Sharma,reyansh.sharma23@example.com,Hyderabad,2025-04-21
24,Aarav Mehta,aarav.mehta24@example.com,Kolkata,2023-10-02
25,Vivaan Reddy,vivaan.reddy25@example.com,Surat,2025-06-16
26,Reyansh Reddy,reyansh.reddy26@example.com,Chennai,2024-02-10
27,Sai Patel,sai.patel27@example.com,Ahmedabad,2023-05-23
28,Vihaan Das,vihaan.das28@example.com,Jaipur,2023-09-27
29,Ishaan Singh,ishaan.singh29@example.com,Surat,2024-02-13
30,Reyansh Reddy,reyansh.reddy30@example.com,Delhi,2024-06-05
31,Sai Verma,sai.verma31@example.com,Bangalore,2025-05-31
32,Vivaan Patel,vivaan.patel32@example.com,Delhi,2025-03-22
33,Muhammad Bhat,muhammad.bhat33@example.com,Mumbai,2024-01-30
34,Muhammad Bhat,muhammad.bhat34@example.com,Chennai,2024-06-25
35,Arjun Das,arjun.das35@example.com,Bangalore,2024-11-27
36,Vivaan Das,vivaan.das36@example.com,Ahmedabad,2025-02-26
37,Reyansh Verma,reyansh.verma37@example.com,Ahmedabad,2024-03-21
38,Aditya Nair,aditya.nair38@example.com,Bangalore,2025-01-09
39,Arjun Das,arjun.das39@example.com,Delhi,2024-06-03
40,Vivaan Gupta,vivaan.gupta40@example.com,Jaipur,2024-09-15
41,Vihaan Patel,vihaan.patel41@example.com,Pune,2025-02-19
42,Aditya Das,aditya.das42@example.com,Jaipur,2023-01-01
43,Ishaan Mehta,ishaan.mehta43@example.com,Chennai,2023-01-20
44,Vivaan Mehta,vivaan.mehta44@example.com,Ahmedabad,2023-09-03
45,Aarav Reddy,aarav.reddy45@example.com,Surat,2023-03-22
46,Vivaan Nair,vivaan.nair46@example.com,Mumbai,2025-02-17
47,Krishna Patel,krishna.patel47@example.com,Delhi,2024-11-06
48,Sai Das,sai.das48@example.com,Delhi,2023-09-29
49,Krishna Bhat,krishna.bhat49@example.com,Kolkata,2023-08-05
50,Krishna Reddy,krishna.reddy50@example.com,Ahmedabad,2024-02-13
51,Reyansh Nair,reyansh.nair51@example.com,Jaipur,2024-04-07
52,Vivaan Reddy,vivaan.reddy52@example.com,Hyderabad,2023-03-07
53,Reyansh Sharma,reyansh.sharma53@example.com,Surat,2024-07-21
54,Vihaan Bhat,vihaan.bhat54@example.com,Hyderabad,2023-01-08
55,Vivaan Sharma,vivaan.sharma55@example.com,Hyderabad,2023-03-11
56,Aarav Mehta,aarav.mehta56@example.com,Mumbai,2024-06-10
57,Vihaan Gupta,vihaan.gupta57@example.com,Chennai,2023-08-08
58,Krishna Patel,krishna.patel58@example.com,Surat,2024-08-13
59,Sai Reddy,sai.reddy59@example.com,Chennai,2025-04-06
60,Muhammad Reddy,muhammad.reddy60@example.com,Mumbai,2023-04-10
61,Muhammad Mehta,muhammad.mehta61@example.com,Kolkata,2024-02-25
62,Sai Sharma,sai.sharma62@example.com,Mumbai,2023-03-04
63,Muhammad Mehta,muhammad.mehta63@example.com,Mumbai,2023-09-12
64,Vihaan Reddy,vihaan.reddy64@example.com,Jaipur,2024-04-04
65,Aditya Singh,aditya.singh65@example.com,Delhi,2023-10-13
66,Sai Reddy,sai.reddy66@example.com,Mumbai,2024-03-29
67,Krishna Verma,krishna.verma67@example.com,Bangalore,2024-10-29
68,Krishna Sharma,krishna.sharma68@example.com,Mumbai,2025-02-10
69,Vihaan Patel,vihaan.patel69@example.com,Kolkata,2024-05-12
70,Sai Reddy,sai.reddy70@example.com,Kolkata,2023-03-02
71,Aditya Singh,aditya.singh71@example.com,Bangalore,2024-02-04
72,Arjun Nair,arjun.nair72@example.com,Ahmedabad,2024-03-09
73,Krishna Nair,krishna.nair73@example.com,Delhi,2023-07-14
74,Arjun Reddy,arjun.reddy74@example.com,Bangalore,2024-08-16
75,Krishna Sharma,krishna.sharma75@example.com,Pune,2023-02-28
76,Aarav Bhat,aarav.bhat76@example.com,Chennai,2024-05-29
77,Krishna Patel,krishna.patel77@example.com,Bangalore,2024-06-04
78,Vivaan Patel,vivaan.patel78@example.com,Mumbai,2024-09-01
79,Vivaan Reddy,vivaan.reddy79@example.com,Kolkata,2023-05-03
80,Ishaan Reddy,ishaan.reddy80@example.com,Surat,2024-08-31
81,Aarav Bhat,aarav.bhat81@example.com,Mumbai,2024-03-05
82,Ishaan Bhat,ishaan.bhat82@example.com,Jaipur,2023-11-20
83,Arjun Reddy,arjun.reddy83@example.com,Pune,2023-09-02
84,Arjun Singh,arjun.singh84@example.com,Delhi,2024-11-18
85,Arjun Nair,arjun.nair85@example.com,Pune,2025-02-08
86,Vivaan Sharma,vivaan.sharma86@example.com,Chennai,2024-09-28
87,Ishaan Verma,ishaan.verma87@example.com,Mumbai,2024-07-04
88,Vihaan Das,vihaan.das88@example.com,Ahmedabad,2023-05-16
89,Reyansh Verma,reyansh.verma89@example.com,Hyderabad,2024-01-14
90,Arjun Patel,arjun.patel90@example.com,Chennai,2025-05-03
91,Krishna Gupta,krishna.gupta91@example.com,Surat,2025-04-06
92,Krishna Sharma,krishna.sharma92@example.com,Jaipur,2023-11-03
93,Vivaan Patel,vivaan.patel93@example.com,Ahmedabad,2023-04-29
94,Vivaan Das,vivaan.das94@example.com,Delhi,2023-10-06
95,Arjun Bhat,arjun.bhat95@example.com,Hyderabad,2025-01-04
96,Reyansh Reddy,reyansh.reddy96@example.com,Ahmedabad,2024-06-01
97,Sai Gupta,sai.gupta97@example.com,Bangalore,2023-04-05
98,Muhammad Gupta,muhammad.gupta98@example.com,Bangalore,2023-01-04
99,Reyansh Patel,reyansh.patel99@example.com,Ahmedabad,2023-06-15
100,Sai Das,sai.das100@example.com,Kolkata,2024-07-28
101,Aarav Verma,aarav.verma101@example.com,Mumbai,2025-06-23
102,Aditya Das,aditya.das102@example.com,Bangalore,2025-05-04
103,Reyansh Bhat,reyansh.bhat103@example.com,Jaipur,2023-06-01
104,Muhammad Patel,muhammad.patel104@example.com,Bangalore,2023-11-12
105,Reyansh Sharma,reyansh.sharma105@example.com,Pune,2023-08-04
106,Vihaan Verma,vihaan.verma106@example.com,Pune,2025-03-09
107,Krishna Singh,krishna.singh107@example.com,Surat,2025-02-06
108,Aditya Reddy,aditya.reddy108@example.com,Delhi,2025-03-30
109,Aditya Singh,aditya.singh109@example.com,Bangalore,2023-07-03
110,Reyansh Singh,reyansh.singh110@example.com,Hyderabad,2023-10-01
111,Aditya Verma,aditya.verma111@example.com,Kolkata,2025-06-12
112,Aarav Nair,aarav.nair112@example.com,Hyderabad,2023-07-24
113,Sai Mehta,sai.mehta113@example.com,Ahmedabad,2025-04-20
114,Vihaan Reddy,vihaan.reddy114@example.com,Bangalore,2024-11-06
115,Vihaan Singh,vihaan.singh115@example.com,Pune,2023-10-13
116,Vivaan Gupta,vivaan.gupta116@example.com,Pune,2024-10-18
117,Krishna Singh,krishna.singh117@example.com,Jaipur,2023-12-06
118,Aarav Verma,aarav.verma118@example.com,Ahmedabad,2023-07-02
119,Ishaan Gupta,ishaan.gupta119@example.com,Bangalore,2023-04-22
120,Ishaan Singh,ishaan.singh120@example.com,Pune,2025-01-16
121,Reyansh Singh,reyansh.singh121@example.com,Surat,2024-06-07
122,Vivaan Singh,vivaan.singh122@example.com,Surat,2023-07-14
123,Arjun Sharma,arjun.sharma123@example.com,Kolkata,2023-01-02
124,Krishna Das,krishna.das124@example.com,Hyderabad,2024-01-08
125,Muhammad Verma,muhammad.verma125@example.com,Pune,2024-09-30
126,Reyansh Verma,reyansh.verma126@example.com,Ahmedabad,2024-06-03
127,Arjun Singh,arjun.singh127@example.com,Pune,2024-02-17
128,Arjun Das,arjun.das128@example.com,Delhi,2023-07-16
129,Muhammad Singh,muhammad.singh129@example.com,Delhi,2024-09-22
130,Ishaan Gupta,ishaan.gupta130@example.com,Kolkata,2024-07-15
131,Aarav Gupta,aarav.gupta131@example.com,Ahmedabad,2023-08-04
132,Muhammad Bhat,muhammad.bhat132@example.com,Surat,2024-11-01
133,Reyansh Nair,reyansh.nair133@example.com,Chennai,2024-03-28
134,Vihaan Das,vihaan.das134@example.com,Chennai,2025-03-23
135,Aditya Verma,aditya.verma135@example.com,Ahmedabad,2024-06-11
136,Ishaan Mehta,ishaan.mehta136@example.com,Mumbai,2025-04-18
137,Vihaan Gupta,vihaan.gupta137@example.com,Hyderabad,2025-04-05
138,Vihaan Patel,vihaan.patel138@example.com,Bangalore,2023-02-17
139,Vihaan Nair,vihaan.nair139@example.com,Surat,2025-05-20
140,Vivaan Nair,vivaan.nair140@example.com,Kolkata,2025-06-26
141,Ishaan Reddy,ishaan.reddy141@example.com,Kolkata,2024-05-21
142,Muhammad Reddy,muhammad.reddy142@example.com,Delhi,2024-11-02
143,Aarav Verma,aarav.verma143@example.com,Kolkata,2023-08-13
144,Aditya Das,aditya.das144@example.com,Chennai,2023-02-21
145,Krishna Reddy,krishna.reddy145@example.com,Mumbai,2024-04-12
146,Aditya Nair,aditya.nair146@example.com,Jaipur,2024-07-26
147,Ishaan Mehta,ishaan.mehta147@example.com,Chennai,2024-09-19
148,Krishna Singh,krishna.singh148@example.com,Jaipur,2024-04-01
149,Aditya Nair,aditya.nair149@example.com,Chennai,2023-09-23
150,Vihaan Gupta,vihaan.gupta150@example.com,Jaipur,2024-05-11
151,Vihaan Gupta,vihaan.gupta151@example.com,Chennai,2023-03-21
152,Arjun Reddy,arjun.reddy152@example.com,Ahmedabad,2023-12-10
153,Reyansh Das,reyansh.das153@example.com,Mumbai,2023-05-22
154,Aditya Reddy,aditya.reddy154@example.com,Kolkata,2024-12-11
155,Aditya Reddy,aditya.reddy155@example.com,Mumbai,2024-02-29
156,Muhammad Mehta,muhammad.mehta156@example.com,Jaipur,2024-04-22
157,Muhammad Sharma,muhammad.sharma157@example.com,Hyderabad,2025-05-02
158,Muhammad Singh,muhammad.singh158@example.com,Surat,2024-12-13
159,Aarav Bhat,aarav.bhat159@example.com,Kolkata,2024-05-03
160,Aarav Mehta,aarav.mehta160@example.com,Ahmedabad,2025-02-10
161,Muhammad Singh,muhammad.singh161@example.com,Jaipur,2025-02-04
162,Krishna Bhat,krishna.bhat162@example.com,Hyderabad,2024-05-14
163,Vihaan Gupta,vihaan.gupta163@example.com,Kolkata,2024-05-12
164,Aarav Singh,aarav.singh164@example.com,Pune,2024-11-15
165,Muhammad Patel,muhammad.patel165@example.com,Chennai,2023-05-11
166,Ishaan Das,ishaan.das166@example.com,Bangalore,2024-02-08
167,Ishaan Bhat,ishaan.bhat167@example.com,Bangalore,2023-03-27
168,Muhammad Patel,muhammad.patel168@example.com,Chennai,2023-07-06
169,Aarav Gupta,aarav.gupta169@example.com,Kolkata,2023-12-02
170,Vihaan Nair,vihaan.nair170@example.com,Pune,2023-12-12
171,Muhammad Gupta,muhammad.gupta171@example.com,Kolkata,2023-09-16
172,Vivaan Nair,vivaan.nair172@example.com,Bangalore,2025-02-06
173,Krishna Sharma,krishna.sharma173@example.com,Pune,2023-08-18
174,Vivaan Sharma,vivaan.sharma174@example.com,Bangalore,2023-09-11
175,Vihaan Sharma,vihaan.sharma175@example.com,Surat,2023-06-06
176,Vihaan Patel,vihaan.patel176@example.com,Chennai,2024-11-16
177,Vivaan Bhat,vivaan.bhat177@example.com,Hyderabad,2024-04-21
178,Arjun Mehta,arjun.mehta178@example.com,Delhi,2024-09-12
179,Ishaan Verma,ishaan.verma179@example.com,Delhi,2023-11-15
180,Vivaan Bhat,vivaan.bhat180@example.com,Bangalore,2023-11-16
181,Ishaan Singh,ishaan.singh181@example.com,Kolkata,2025-01-02
182,Vihaan Verma,vihaan.verma182@example.com,Surat,2024-12-08
183,Vihaan Verma,vihaan.verma183@example.com,Ahmedabad,2025-05-20
184,Ishaan Verma,ishaan.verma184@example.com,Surat,2025-03-12
185,Aarav Mehta,aarav.mehta185@example.com,Jaipur,2024-03-14
186,Reyansh Verma,reyansh.verma186@example.com,Jaipur,2024-10-25
187,Reyansh Sharma,reyansh.sharma187@example.com,Kolkata,2025-04-22
188,Sai Verma,sai.verma188@example.com,Kolkata,2024-01-06
189,Sai Patel,sai.patel189@example.com,Kolkata,2023-06-30
190,Krishna Gupta,krishna.gupta190@example.com,Surat,2025-04-07
191,Krishna Nair,krishna.nair191@example.com,Chennai,2024-03-22
192,Ishaan Gupta,ishaan.gupta192@example.com,Pune,2025-05-22
193,Vihaan Verma,vihaan.verma193@example.com,Ahmedabad,2025-06-21
194,Sai Reddy,sai.reddy194@example.com,Chennai,2024-08-06
195,Ishaan Singh,ishaan.singh195@example.com,Pune,2023-01-30
196,Sai Mehta,sai.mehta196@example.com,Delhi,2024-05-14
197,Vihaan Mehta,vihaan.mehta197@example.com,Ahmedabad,2023-12-15
198,Arjun Bhat,arjun.bhat198@example.com,Ahmedabad,2024-07-23
199,Aarav Das,aarav.das199@example.com,Hyderabad,2023-03-29
200,Vihaan Singh,vihaan.singh200@example.com,Chennai,2024-07-22
201,Vihaan Nair,vihaan.nair201@example.com,Chennai,2024-04-03
202,Aarav Verma,aarav.verma202@example.com,Ahmedabad,2023-08-15
203,Muhammad Reddy,muhammad.reddy203@example.com,Ahmedabad,2024-11-10
204,Ishaan Mehta,ishaan.mehta204@example.com,Chennai,2024-07-20
205,Krishna Mehta,krishna.mehta205@example.com,Kolkata,2025-02-02
206,Krishna Mehta,krishna.mehta206@example.com,Pune,2024-12-20
207,Sai Gupta,sai.gupta207@example.com,Ahmedabad,2023-09-15
208,Vihaan Verma,vihaan.verma208@example.com,Hyderabad,2023-11-20
209,Vivaan Das,vivaan.das209@example.com,Delhi,2023-07-16
210,Vihaan Nair,vihaan.nair210@example.com,Ahmedabad,2025-01-11
211,Ishaan Das,ishaan.das211@example.com,Surat,2023-10-17
212,Vivaan Reddy,vivaan.reddy212@example.com,Ahmedabad,2023-08-21
213,Reyansh Patel,reyansh.patel213@example.com,Ahmedabad,2023-01-15
214,Krishna Patel,krishna.patel214@example.com,Ahmedabad,2023-02-16
215,Aarav Das,aarav.das215@example.com,Ahmedabad,2024-12-15
216,Aditya Nair,aditya.nair216@example.com,Mumbai,2025-06-12
217,Aarav Bhat,aarav.bhat217@example.com,Ahmedabad,2024-04-25
218,Sai Nair,sai.nair218@example.com,Pune,2023-07-08
219,Aarav Gupta,aarav.gupta219@example.com,Chennai,2023-04-27
220,Vivaan Singh,vivaan.singh220@example.com,Chennai,2023-03-17
221,Ishaan Sharma,ishaan.sharma221@example.com,Delhi,2023-06-02
222,Ishaan Gupta,ishaan.gupta222@example.com,Mumbai,2023-09-12
223,Vivaan Das,vivaan.das223@example.com,Kolkata,2024-09-12
224,Ishaan Bhat,ishaan.bhat224@example.com,Hyderabad,2025-03-05
225,Krishna Singh,krishna.singh225@example.com,Chennai,2024-03-29
226,Arjun Bhat,arjun.bhat226@example.com,Kolkata,2023-11-09
227,Ishaan Bhat,ishaan.bhat227@example.com,Bangalore,2024-09-16
228,Vivaan Reddy,vivaan.reddy228@example.com,Hyderabad,2023-09-28
229,Vivaan Patel,vivaan.patel229@example.com,Hyderabad,2023-06-27
230,Krishna Verma,krishna.verma230@example.com,Delhi,2023-01-03
231,Muhammad Nair,muhammad.nair231@example.com,Surat,2024-04-26
232,Arjun Sharma,arjun.sharma232@example.com,Hyderabad,2023-10-23
233,Arjun Nair,arjun.nair233@example.com,Mumbai,2024-12-04
234,Vihaan Gupta,vihaan.gupta234@example.com,Surat,2024-11-08
235,Vihaan Singh,vihaan.singh235@example.com,Mumbai,2024-07-11
236,Vihaan Patel,vihaan.patel236@example.com,Ahmedabad,2025-04-26
237,Aditya Verma,aditya.verma237@example.com,Bangalore,2023-06-19
238,Arjun Bhat,arjun.bhat238@example.com,Surat,2023-10-23
239,Sai Verma,sai.verma239@example.com,Chennai,2024-12-06
240,Arjun Singh,arjun.singh240@example.com,Ahmedabad,2024-05-27
241,Krishna Nair,krishna.nair241@example.com,Chennai,2023-03-24
242,Ishaan Sharma,ishaan.sharma242@example.com,Kolkata,2025-01-22
243,Reyansh Bhat,reyansh.bhat243@example.com,Ahmedabad,2023-01-27
244,Vivaan Reddy,vivaan.reddy244@example.com,Surat,2024-08-24
245,Aarav Gupta,aarav.gupta245@example.com,Surat,2023-02-11
246,Aditya Nair,aditya.nair246@example.com,Jaipur,2024-10-29
247,Sai Gupta,sai.gupta247@example.com,Delhi,2024-08-22
248,Muhammad Nair,muhammad.nair248@example.com,Mumbai,2024-04-26
249,Reyansh Singh,reyansh.singh249@example.com,Pune,2023-11-25
250,Vivaan Patel,vivaan.patel250@example.com,Pune,2024-02-26
251,Sai Gupta,sai.gupta251@example.com,Kolkata,2025-04-13
252,Krishna Sharma,krishna.sharma252@example.com,Chennai,2023-04-01
253,Reyansh Gupta,reyansh.gupta253@example.com,Pune,2023-04-29
254,Muhammad Das,muhammad.das254@example.com,Bangalore,2024-11-04
255,Krishna Nair,krishna.nair255@example.com,Kolkata,2023-02-25
256,Vihaan Das,vihaan.das256@example.com,Pune,2024-09-29
257,Sai Nair,sai.nair257@example.com,Bangalore,2023-07-28
258,Arjun Das,arjun.das258@example.com,Delhi,2023-10-22
259,Sai Nair,sai.nair259@example.com,Mumbai,2023-01-30
260,Ishaan Reddy,ishaan.reddy260@example.com,Delhi,2023-11-15
261,Krishna Sharma,krishna.sharma261@example.com,Jaipur,2024-02-22
262,Vivaan Reddy,vivaan.reddy262@example.com,Mumbai,2024-04-17
263,Vivaan Patel,vivaan.patel263@example.com,Chennai,2025-01-03
264,Arjun Das,arjun.das264@example.com,Ahmedabad,2024-03-01
265,Sai Nair,sai.nair265@example.com,Hyderabad,2024-04-12
266,Krishna Patel,krishna.patel266@example.com,Kolkata,2023-07-15
267,Ishaan Das,ishaan.das267@example.com,Delhi,2025-06-03
268,Vivaan Gupta,vivaan.gupta268@example.com,Kolkata,2023-12-15
269,Krishna Gupta,krishna.gupta269@example.com,Bangalore,2023-10-17
270,Arjun Bhat,arjun.bhat270@example.com,Surat,2024-11-06
271,Sai Patel,sai.patel271@example.com,Chennai,2024-07-05
272,Sai Mehta,sai.mehta272@example.com,Pune,2024-07-19
273,Krishna Singh,krishna.singh273@example.com,Chennai,2023-11-26
274,Vihaan Reddy,vihaan.reddy274@example.com,Surat,2024-01-28
275,Vihaan Singh,vihaan.singh275@example.com,Bangalore,2023-11-22
276,Sai Singh,sai.singh276@example.com,Kolkata,2024-11-10
277,Aditya Nair,aditya.nair277@example.com,Bangalore,2023-05-10
278,Krishna Bhat,krishna.bhat278@example.com,Pune,2025-06-09
279,Vivaan Nair,vivaan.nair279@example.com,Mumbai,2024-06-22
280,Sai Sharma,sai.sharma280@example.com,Delhi,2024-02-24
281,Aditya Verma,aditya.verma281@example.com,Chennai,2025-03-11
282,Arjun Mehta,arjun.mehta282@example.com,Surat,2024-12-10
283,Muhammad Verma,muhammad.verma283@example.com,Pune,2025-05-22
284,Krishna Singh,krishna.singh284@example.com,Pune,2024-10-03
285,Sai Das,sai.das285@example.com,Bangalore,2024-09-24
286,Vivaan Reddy,vivaan.reddy286@example.com,Ahmedabad,2023-08-21
287,Vivaan Singh,vivaan.singh287@example.com,Mumbai,2025-02-17
288,Vivaan Nair,vivaan.nair288@example.com,Delhi,2024-12-11
289,Arjun Sharma,arjun.sharma289@example.com,Bangalore,2023-11-29
290,Aarav Gupta,aarav.gupta290@example.com,Pune,2024-01-19
291,Muhammad Patel,muhammad.patel291@example.com,Hyderabad,2024-06-27
292,Muhammad Bhat,muhammad.bhat292@example.com,Delhi,2023-06-24
293,Aditya Verma,aditya.verma293@example.com,Surat,2025-06-10
294,Muhammad Bhat,muhammad.bhat294@example.com,Hyderabad,2024-05-24
295,Ishaan Patel,ishaan.patel295@example.com,Hyderabad,2024-04-17
296,Arjun Nair,arjun.nair296@example.com,Ahmedabad,2024-11-13
297,Aarav Nair,aarav.nair297@example.com,Ahmedabad,2024-11-24
298,Krishna Patel,krishna.patel298@example.com,Mumbai,2024-03-28
299,Reyansh Bhat,reyansh.bhat299@example.com,Ahmedabad,2024-10-16
300,Muhammad Gupta,muhammad.gupta300@example.com,Chennai,2025-05-15
301,Arjun Reddy,arjun.reddy301@example.com,Kolkata,2025-05-23
302,Sai Verma,sai.verma302@example.com,Hyderabad,2024-01-26
303,Ishaan Mehta,ishaan.mehta303@example.com,Surat,2023-10-30
304,Arjun Sharma,arjun.sharma304@example.com,Kolkata,2023-10-09
305,Aarav Bhat,aarav.bhat305@example.com,Bangalore,2024-09-12
306,Sai Gupta,sai.gupta306@example.com,Hyderabad,2024-09-13
307,Reyansh Reddy,reyansh.reddy307@example.com,Hyderabad,2024-09-27
308,Arjun Patel,arjun.patel308@example.com,Mumbai,2024-10-04
309,Aarav Gupta,aarav.gupta309@example.com,Chennai,2023-02-04
310,Ishaan Mehta,ishaan.mehta310@example.com,Delhi,2023-04-03
311,Arjun Mehta,arjun.mehta311@example.com,Kolkata,2023-06-29
312,Vihaan Patel,vihaan.patel312@example.com,Jaipur,2025-06-16
313,Reyansh Das,reyansh.das313@example.com,Jaipur,2023-10-07
314,Aditya Gupta,aditya.gupta314@example.com,Chennai,2025-04-05
315,Arjun Mehta,arjun.mehta315@example.com,Mumbai,2024-04-24
316,Vivaan Patel,vivaan.patel316@example.com,Hyderabad,2025-05-30
317,Muhammad Das,muhammad.das317@example.com,Pune,2023-04-03
318,Muhammad Sharma,muhammad.sharma318@example.com,Ahmedabad,2024-07-03
319,Vivaan Nair,vivaan.nair319@example.com,Pune,2024-11-19
320,Arjun Bhat,arjun.bhat320@example.com,Kolkata,2025-04-22
321,Reyansh Verma,reyansh.verma321@example.com,Hyderabad,2024-04-27
322,Aarav Bhat,aarav.bhat322@example.com,Jaipur,2023-12-02
323,Ishaan Reddy,ishaan.reddy323@example.com,Mumbai,2024-10-12
324,Sai Gupta,sai.gupta324@example.com,Kolkata,2023-04-30
325,Aditya Sharma,aditya.sharma325@example.com,Bangalore,2023-11-08
326,Sai Verma,sai.verma326@example.com,Mumbai,2023-08-29
327,Krishna Patel,krishna.patel327@example.com,Kolkata,2024-04-09
328,Reyansh Das,reyansh.das328@example.com,Kolkata,2024-08-24
329,Aditya Singh,aditya.singh329@example.com,Mumbai,2025-05-03
330,Sai Bhat,sai.bhat330@example.com,Kolkata,2023-10-14
331,Aarav Mehta,aarav.mehta331@example.com,Hyderabad,2024-03-30
332,Sai Reddy,sai.reddy332@example.com,Pune,2023-04-12
333,Reyansh Das,reyansh.das333@example.com,Pune,2023-03-04
334,Muhammad Gupta,muhammad.gupta334@example.com,Hyderabad,2023-05-06
335,Sai Verma,sai.verma335@example.com,Hyderabad,2024-10-19
336,Ishaan Sharma,ishaan.sharma336@example.com,Bangalore,2025-03-16
337,Reyansh Reddy,reyansh.reddy337@example.com,Delhi,2025-03-16
338,Ishaan Reddy,ishaan.reddy338@example.com,Mumbai,2025-04-29
339,Krishna Reddy,krishna.reddy339@example.com,Surat,2023-08-10
340,Vihaan Mehta,vihaan.mehta340@example.com,Delhi,2025-03-18
341,Ishaan Sharma,ishaan.sharma341@example.com,Ahmedabad,2025-05-29
342,Aditya Patel,aditya.patel342@example.com,Jaipur,2023-09-14
343,Aditya Verma,aditya.verma343@example.com,Bangalore,2023-05-15
344,Aarav Mehta,aarav.mehta344@example.com,Hyderabad,2024-08-25
345,Reyansh Sharma,reyansh.sharma345@example.com,Delhi,2023-09-29
346,Aarav Patel,aarav.patel346@example.com,Kolkata,2024-06-22
347,Vivaan Verma,vivaan.verma347@example.com,Chennai,2024-04-04
348,Reyansh Das,reyansh.das348@example.com,Surat,2023-04-22
349,Sai Das,sai.das349@example.com,Hyderabad,2024-09-21
350,Aarav Das,aarav.das350@example.com,Ahmedabad,2024-04-14
351,Aarav Sharma,aarav.sharma351@example.com,Chennai,2025-05-17
352,Muhammad Singh,muhammad.singh352@example.com,Mumbai,2024-05-17
353,Sai Verma,sai.verma353@example.com,Mumbai,2023-11-26
354,Ishaan Patel,ishaan.patel354@example.com,Mumbai,2023-05-10
355,Arjun Bhat,arjun.bhat355@example.com,Surat,2024-07-15
356,Reyansh Singh,reyansh.singh356@example.com,Surat,2024-06-27
357,Arjun Nair,arjun.nair357@example.com,Jaipur,2024-09-11
358,Muhammad Verma,muhammad.verma358@example.com,Mumbai,2025-05-23
359,Krishna Reddy,krishna.reddy359@example.com,Kolkata,2024-04-07
360,Vihaan Singh,vihaan.singh360@example.com,Pune,2025-04-27
361,Sai Singh,sai.singh361@example.com,Kolkata,2025-01-17
362,Vivaan Mehta,vivaan.mehta362@example.com,Kolkata,2023-11-17
363,Arjun Mehta,arjun.mehta363@example.com,Delhi,2024-12-04
364,Sai Verma,sai.verma364@example.com,Mumbai,2025-05-01
365,Vivaan Verma,vivaan.verma365@example.com,Kolkata,2023-04-09
366,Reyansh Patel,reyansh.patel366@example.com,Jaipur,2023-03-03
367,Ishaan Das,ishaan.das367@example.com,Jaipur,2023-12-04
368,Vivaan Singh,vivaan.singh368@example.com,Pune,2025-06-13
369,Muhammad Sharma,muhammad.sharma369@example.com,Ahmedabad,2024-09-06
370,Arjun Mehta,arjun.mehta370@example.com,Mumbai,2024-08-14
371,Krishna Reddy,krishna.reddy371@example.com,Delhi,2024-11-03
372,Sai Reddy,sai.reddy372@example.com,Mumbai,2023-12-25
373,Krishna Mehta,krishna.mehta373@example.com,Mumbai,2025-02-19
374,Arjun Bhat,arjun.bhat374@example.com,Hyderabad,2025-04-06
375,Muhammad Das,muhammad.das375@example.com,Surat,2024-09-20
376,Krishna Sharma,krishna.sharma376@example.com,Surat,2024-11-04
377,Arjun Sharma,arjun.sharma377@example.com,Delhi,2023-10-07
378,Arjun Mehta,arjun.mehta378@example.com,Pune,2023-01-07
379,Aditya Patel,aditya.patel379@example.com,Surat,2024-11-04
380,Muhammad Verma,muhammad.verma380@example.com,Delhi,2025-01-28
381,Aarav Verma,aarav.verma381@example.com,Jaipur,2023-08-09
382,Muhammad Singh,muhammad.singh382@example.com,Chennai,2023-12-16
383,Aditya Mehta,aditya.mehta383@example.com,Ahmedabad,2025-01-08
384,Reyansh Bhat,reyansh.bhat384@example.com,Surat,2023-03-28
385,Aarav Patel,aarav.patel385@example.com,Delhi,2025-02-11
386,Ishaan Sharma,ishaan.sharma386@example.com,Mumbai,2023-10-06
387,Sai Singh,sai.singh387@example.com,Chennai,2024-09-13
388,Sai Singh,sai.singh388@example.com,Ahmedabad,2023-08-09
389,Krishna Verma,krishna.verma389@example.com,Pune,2024-03-16
390,Vivaan Gupta,vivaan.gupta390@example.com,Surat,2024-05-13
391,Krishna Gupta,krishna.gupta391@example.com,Bangalore,2023-08-14
392,Muhammad Bhat,muhammad.bhat392@example.com,Bangalore,2023-01-08
393,Vihaan Gupta,vihaan.gupta393@example.com,Hyderabad,2025-02-24
394,Aditya Gupta,aditya.gupta394@example.com,Ahmedabad,2023-12-02
395,Vivaan Sharma,vivaan.sharma395@example.com,Chennai,2025-02-03
396,Muhammad Patel,muhammad.patel396@example.com,Delhi,2024-01-25
397,Krishna Reddy,krishna.reddy397@example.com,Jaipur,2024-07-26
398,Reyansh Verma,reyansh.verma398@example.com,Kolkata,2025-06-01
399,Aarav Singh,aarav.singh399@example.com,Bangalore,2024-04-15
400,Vivaan Mehta,vivaan.mehta400@example.com,Surat,2024-03-15
401,Ishaan Singh,ishaan.singh401@example.com,Kolkata,2023-10-24
402,Vivaan Singh,vivaan.singh402@example.com,Bangalore,2023-11-29
403,Aditya Bhat,aditya.bhat403@example.com,Chennai,2025-05-01
404,Reyansh Verma,reyansh.verma404@example.com,Kolkata,2025-05-14
405,Vivaan Reddy,vivaan.reddy405@example.com,Kolkata,2024-08-26
406,Muhammad Das,muhammad.das406@example.com,Mumbai,2024-02-10
407,Arjun Mehta,arjun.mehta407@example.com,Hyderabad,2023-12-08
408,Aditya Verma,aditya.verma408@example.com,Jaipur,2024-10-10
409,Vivaan Das,vivaan.das409@example.com,Jaipur,2023-07-18
410,Reyansh Mehta,reyansh.mehta410@example.com,Delhi,2023-08-30
411,Vivaan Patel,vivaan.patel411@example.com,Ahmedabad,2023-07-22
412,Aditya Bhat,aditya.bhat412@example.com,Delhi,2025-02-17
413,Vivaan Patel,vivaan.patel413@example.com,Chennai,2024-04-20
414,Ishaan Bhat,ishaan.bhat414@example.com,Chennai,2024-11-28
415,Ishaan Bhat,ishaan.bhat415@example.com,Pune,2025-06-03
416,Reyansh Patel,reyansh.patel416@example.com,Chennai,2023-03-11
417,Sai Nair,sai.nair417@example.com,Ahmedabad,2025-03-26
418,Arjun Bhat,arjun.bhat418@example.com,Bangalore,2023-12-27
419,Krishna Verma,krishna.verma419@example.com,Ahmedabad,2024-04-17
420,Sai Sharma,sai.sharma420@example.com,Bangalore,2024-01-13
421,Arjun Verma,arjun.verma421@example.com,Mumbai,2024-09-21
422,Ishaan Das,ishaan.das422@example.com,Kolkata,2024-04-18
423,Ishaan Das,ishaan.das423@example.com,Bangalore,2024-04-05
424,Ishaan Reddy,ishaan.reddy424@example.com,Pune,2024-09-11
425,Sai Das,sai.das425@example.com,Delhi,2023-03-05
426,Sai Verma,sai.verma426@example.com,Pune,2025-01-01
427,Vivaan Das,vivaan.das427@example.com,Delhi,2023-02-10
428,Vihaan Nair,vihaan.nair428@example.com,Chennai,2024-06-20
429,Krishna Bhat,krishna.bhat429@example.com,Delhi,2024-01-08
430,Reyansh Gupta,reyansh.gupta430@example.com,Kolkata,2024-02-23
431,Reyansh Bhat,reyansh.bhat431@example.com,Bangalore,2025-03-19
432,Reyansh Verma,reyansh.verma432@example.com,Pune,2023-04-07
433,Krishna Singh,krishna.singh433@example.com,Ahmedabad,2023-09-16
434,Ishaan Patel,ishaan.patel434@example.com,Pune,2023-03-25
435,Ishaan Patel,ishaan.patel435@example.com,Pune,2023-11-14
436,Muhammad Patel,muhammad.patel436@example.com,Surat,2024-12-26
437,Vivaan Gupta,vivaan.gupta437@example.com,Jaipur,2024-01-21
438,Reyansh Patel,reyansh.patel438@example.com,Jaipur,2023-04-06
439,Muhammad Das,muhammad.das439@example.com,Pune,2023-01-19
440,Reyansh Gupta,reyansh.gupta440@example.com,Delhi,2023-08-08
441,Reyansh Nair,reyansh.nair441@example.com,Hyderabad,2023-08-20
442,Aditya Patel,aditya.patel442@example.com,Mumbai,2023-10-30
443,Vivaan Das,vivaan.das443@example.com,Jaipur,2025-05-05
444,Krishna Sharma,krishna.sharma444@example.com,Pune,2025-06-16
445,Ishaan Patel,ishaan.patel445@example.com,Surat,2024-01-21
446,Aditya Patel,aditya.patel446@example.com,Delhi,2025-05-01
447,Ishaan Patel,ishaan.patel447@example.com,Chennai,2023-02-14
448,Muhammad Mehta,muhammad.mehta448@example.com,Hyderabad,2024-03-30
449,Ishaan Gupta,ishaan.gupta449@example.com,Chennai,2023-08-28
450,Krishna Reddy,krishna.reddy450@example.com,Ahmedabad,2025-04-08
451,Sai Reddy,sai.reddy451@example.com,Pune,2024-11-25
452,Ishaan Nair,ishaan.nair452@example.com,Chennai,2025-02-26
453,Arjun Singh,arjun.singh453@example.com,Jaipur,2024-06-24
454,Muhammad Patel,muhammad.patel454@example.com,Hyderabad,2025-03-31
455,Ishaan Patel,ishaan.patel455@example.com,Ahmedabad,2023-02-23
456,Sai Mehta,sai.mehta456@example.com,Jaipur,2023-04-16
457,Krishna Verma,krishna.verma457@example.com,Ahmedabad,2023-03-27
458,Aditya Gupta,aditya.gupta458@example.com,Chennai,2024-06-09
459,Aditya Singh,aditya.singh459@example.com,Mumbai,2023-08-16
460,Sai Mehta,sai.mehta460@example.com,Bangalore,2024-02-29
461,Aarav Singh,aarav.singh461@example.com,Jaipur,2024-01-18
462,Vihaan Singh,vihaan.singh462@example.com,Mumbai,2024-01-19
463,Vihaan Sharma,vihaan.sharma463@example.com,Pune,2023-04-12
464,Reyansh Patel,reyansh.patel464@example.com,Delhi,2023-02-09
465,Arjun Nair,arjun.nair465@example.com,Delhi,2025-02-16
466,Sai Nair,sai.nair466@example.com,Surat,2023-01-06
467,Vivaan Sharma,vivaan.sharma467@example.com,Ahmedabad,2023-08-09
468,Aditya Das,aditya.das468@example.com,Surat,2024-06-24
469,Muhammad Verma,muhammad.verma469@example.com,Ahmedabad,2023-09-01
470,Arjun Verma,arjun.verma470@example.com,Bangalore,2023-09-02
471,Muhammad Bhat,muhammad.bhat471@example.com,Chennai,2023-03-06
472,Vivaan Nair,vivaan.nair472@example.com,Surat,2024-07-02
473,Aarav Das,aarav.das473@example.com,Surat,2023-09-05
474,Aditya Gupta,aditya.gupta474@example.com,Kolkata,2023-01-02
475,Ishaan Mehta,ishaan.mehta475@example.com,Hyderabad,2024-08-07
476,Muhammad Patel,muhammad.patel476@example.com,Mumbai,2024-06-20
477,Reyansh Verma,reyansh.verma477@example.com,Jaipur,2024-07-11
478,Krishna Das,krishna.das478@example.com,Jaipur,2023-01-21
479,Muhammad Nair,muhammad.nair479@example.com,Bangalore,2024-10-12
480,Muhammad Mehta,muhammad.mehta480@example.com,Ahmedabad,2025-02-04
481,Aarav Mehta,aarav.mehta481@example.com,Mumbai,2023-12-20
482,Vihaan Verma,vihaan.verma482@example.com,Surat,2025-01-22
483,Reyansh Patel,reyansh.patel483@example.com,Bangalore,2023-12-27
484,Krishna Mehta,krishna.mehta484@example.com,Delhi,2025-04-30
485,Sai Nair,sai.nair485@example.com,Delhi,2025-04-10
486,Aditya Verma,aditya.verma486@example.com,Chennai,2023-02-07
487,Arjun Reddy,arjun.reddy487@example.com,Bangalore,2025-03-21
488,Vihaan Sharma,vihaan.sharma488@example.com,Pune,2023-11-14
489,Krishna Singh,krishna.singh489@example.com,Jaipur,2024-04-29
490,Arjun Sharma,arjun.sharma490@example.com,Hyderabad,2023-10-20
491,Reyansh Sharma,reyansh.sharma491@example.com,Pune,2023-10-07
492,Vivaan Mehta,vivaan.mehta492@example.com,Kolkata,2025-06-29
493,Muhammad Nair,muhammad.nair493@example.com,Kolkata,2023-12-14
494,Aditya Nair,aditya.nair494@example.com,Chennai,2024-01-12
495,Krishna Gupta,krishna.gupta495@example.com,Mumbai,2025-01-14
496,Muhammad Verma,muhammad.verma496@example.com,Kolkata,2024-09-08
497,Aditya Das,aditya.das497@example.com,Ahmedabad,2023-11-25
498,Vivaan Verma,vivaan.verma498@example.com,Pune,2024-11-07
499,Arjun Gupta,arjun.gupta499@example.com,Chennai,2024-09-09
500,Muhammad Patel,muhammad.patel500@example.com,Chennai,2023-12-26
